{
  "temperature": -0.7,
  "downfall": 0.9,
  "has_precipitation": true,
  "effects": {
    "sky_color": 8756735,
    "fog_color": 12638463,
    "water_color": 4159204,
    "water_fog_color": 329011,
    "grass_color": 8434839,
    "foliage_color": 6332795,
    "mood_sound": {
      "sound": "minecraft:ambient.cave",
      "tick_delay": 6000,
      "block_search_extent": 8,
      "offset": 2
    },
    "music": {
      "sound": "minecraft:music.overworld.frozen_peaks",
      "min_delay": 12000,
      "max_delay": 24000,
      "replace_current_music": false
    }
  },
  "spawners": {
    "ambient": [
      {
        "type": "minecraft:bat",
        "weight": 10,
        "minCount": 8,
        "maxCount": 8
      }
    ],
    "axolotls": [],
    "creature": [
      {
        "type": "minecraft:goat",
        "weight": 5,
        "minCount": 1,
        "maxCount": 3
      }
    ],
    "misc": [],
    "monster": [
      {
        "type": "minecraft:spider",
        "weight": 100,
        "minCount": 4,
        "maxCount": 4
      },
      {
        "type": "minecraft:zombie",
        "weight": 95,
        "minCount": 4,
        "maxCount": 4
      },
      {
        "type": "minecraft:zombie_villager",
        "weight": 5,
        "minCount": 1,
        "maxCount": 1
      },
      {
        "type": "minecraft:skeleton",
        "weight": 100,
        "minCount": 4,
        "maxCount": 4
      },
      {
        "type": "minecraft:creeper",
        "weight": 100,
        "minCount": 4,
        "maxCount": 4
      },
      {
        "type": "minecraft:slime",
        "weight": 100,
        "minCount": 4,
        "maxCount": 4
      },
      {
        "type": "minecraft:enderman",
        "weight": 10,
        "minCount": 1,
        "maxCount": 4
      },
      {
        "type": "minecraft:witch",
        "weight": 5,
        "minCount": 1,
        "maxCount": 1
      }
    ],
    "underground_water_creature": [
      {
        "type": "minecraft:glow_squid",
        "weight": 10,
        "minCount": 4,
        "maxCount": 6
      }
    ],
    "water_ambient": [],
    "water_creature": []
  },
  "spawn_costs": {},
  "carvers": {
    "air": [
      "minecraft:cave",
      "minecraft:cave_extra_underground",
      "minecraft:canyon"
    ]
  },
  "features": []
}
