{
  "temperature": 0.9,
  "downfall": 1,
  "has_precipitation": true,
  "effects": {
    "sky_color": 7842047,
    "fog_color": 12638463,
    "water_color": 4159204,
    "water_fog_color": 329011,
    "grass_color": 5622079,
    "foliage_color": 2865935,
    "mood_sound": {
      "sound": "minecraft:ambient.cave",
      "tick_delay": 6000,
      "block_search_extent": 8,
      "offset": 2
    }
  },
  "spawners": {
    "ambient": [
      {
        "type": "minecraft:bat",
        "weight": 10,
        "minCount": 8,
        "maxCount": 8
      }
    ],
    "axolotls": [],
    "creature": [
      {
        "type": "minecraft:mooshroom",
        "weight": 8,
        "minCount": 4,
        "maxCount": 8
      }
    ],
    "misc": [],
    "monster": [],
    "underground_water_creature": [
      {
        "type": "minecraft:glow_squid",
        "weight": 10,
        "minCount": 4,
        "maxCount": 6
      }
    ],
    "water_ambient": [],
    "water_creature": []
  },
  "spawn_costs": {},
  "carvers": {
    "air": [
      "minecraft:cave",
      "minecraft:cave_extra_underground",
      "minecraft:canyon"
    ]
  },
  "features": []
}
